Session_ID,Ticker,Timestamp,market_news_score,market_news_reason,technical_score,technical_reason,financial_competitor_score,financial_competitor_reason
AUTO_ANALYSIS_ACB_0,ACB,2025-11-24T20:50:08.847685,5,"Đầu ra cung cấp một tin tức rất cụ thể về dòng tiền cá mập trong phiên 24/11/2025, bao gồm số liệu bán ròng/mua ròng của khối ngoại và tự doanh, các mã cổ phiếu bị ảnh hưởng (VRE, FPT, STB, HPG, v.v.) cùng với giá trị giao dịch cụ thể. Tin tức có ngày tháng rõ ràng và đánh giá tác động rõ ràng lên thị trường và các cổ phiếu liên quan (ví dụ: 'tạo bức tranh thị trường trái chiều', 'bị xả mạnh nhất', 'dẫn đầu lực mua'). Ngoài ra, còn có các tin tức liên quan khác được liệt kê, củng cố thêm chất lượng của đầu ra.",5,"Agent cung cấp đầy đủ đường dẫn ảnh biểu đồ, các chỉ số kỹ thuật cụ thể (MA, RSI, hỗ trợ/kháng cự) và nhận định MUA rõ ràng.",5,"Agent đã cung cấp bảng so sánh chỉ số ROE cho nhiều đối thủ (hơn 2), đồng thời có tin tức cập nhật về các đối thủ. Mặc dù P/E và P/B bị thiếu (N/A), nhưng việc có ROE và tin tức vẫn đáp ứng tiêu chí 5 điểm."
AUTO_ANALYSIS_BCM_1,BCM,2025-11-24T20:52:10.838641,5,"Agent cung cấp 3 tin tức cụ thể, có ngày tháng rõ ràng và đánh giá tác động chi tiết, phù hợp với tiêu chí 5 điểm.",5,"Agent cung cấp đầy đủ đường dẫn ảnh biểu đồ, các chỉ số kỹ thuật cụ thể (MA, RSI, giá đóng cửa, hỗ trợ/kháng cự), và nhận định khuyến nghị rõ ràng là 'CHỜ MUA'.",1,"Đầu ra của Agent trống rỗng, không tìm thấy bất kỳ thông tin nào về đối thủ hoặc số liệu so sánh."
AUTO_ANALYSIS_BID_2,BID,2025-11-24T20:54:22.496313,5,"Agent cung cấp đủ 3 tin tức cụ thể, có ngày tháng rõ ràng (tháng 11/2025, 10 tháng đầu năm 2025, cuộc họp tháng 12 tới của Fed) và mỗi tin tức đều có đánh giá tác động chi tiết, rõ ràng.",5,"Agent có đường dẫn ảnh biểu đồ, cung cấp các chỉ số kỹ thuật cụ thể (RSI, Hỗ trợ/Kháng cự, tín hiệu MACD, vị thế giá so với MA) và đưa ra khuyến nghị 'CHỜ MUA' rõ ràng kèm theo lý do và chiến lược chi tiết.",5,"Agent đã xác định rõ 3 đối thủ cạnh tranh, cung cấp bảng so sánh chỉ số ROE cụ thể và chi tiết, đồng thời đưa ra các tin tức cập nhật quan trọng về từng đối thủ. Mặc dù thiếu dữ liệu P/E và P/B, nhưng sự hiện diện của ROE và tin tức đối thủ đã đáp ứng đầy đủ tiêu chí 5 điểm."
AUTO_ANALYSIS_CTG_3,CTG,2025-11-24T20:56:31.298941,5,"Agent cung cấp 3 tin tức cụ thể, có ngày tháng rõ ràng và đánh giá tác động chi tiết, đáp ứng đầy đủ tiêu chí 5 điểm.",5,"Agent cung cấp đầy đủ đường dẫn ảnh biểu đồ, các chỉ số kỹ thuật cụ thể (MA, RSI, giá, kháng cự/hỗ trợ), và nhận định Mua/Bán rõ ràng với giải thích chi tiết.",5,"Agent đã cung cấp bảng so sánh chỉ số ROE của CTG với 3 đối thủ chính (VCB, BID, MBB) và có các tin tức cập nhật về chuyển động của từng đối thủ, đáp ứng đầy đủ tiêu chí 5 điểm."
AUTO_ANALYSIS_DGC_4,DGC,2025-11-24T20:58:37.554696,5,"Agent cung cấp 3 tin tức cụ thể, có ngày tháng rõ ràng và đánh giá tác động chi tiết, hợp lý cho từng tin tức.",5,"Agent cung cấp đầy đủ đường dẫn ảnh biểu đồ, các chỉ số kỹ thuật cụ thể (MA, RSI, MACD, Hỗ trợ/Kháng cự) và đưa ra khuyến nghị 'CHỜ MUA' rõ ràng với chiến lược chi tiết.",5,"Agent đã cung cấp bảng so sánh chỉ số ROE cho DGC và 5 đối thủ cạnh tranh, đáp ứng yêu cầu về số lượng đối thủ và chỉ số. Đồng thời, Agent cũng cung cấp tin tức chi tiết và cập nhật về chuyển động của 3 đối thủ chính (DDV, DCM, PHR). Mặc dù thiếu dữ liệu P/E và P/B, nhưng ROE là một chỉ số quan trọng và được so sánh đầy đủ, cùng với tin tức đối thủ chất lượng cao, đủ để đạt điểm tối đa."
AUTO_ANALYSIS_FPT_0,FPT,2025-11-29T15:53:42.674262,3,"Agent cung cấp 3 tin tức cụ thể và có đánh giá tác động rõ ràng cho từng tin. Tuy nhiên, thiếu thông tin về ngày tháng cụ thể của các tin tức, không đáp ứng tiêu chí 5 điểm.",5,"Agent có đường dẫn ảnh biểu đồ, cung cấp đầy đủ các chỉ số kỹ thuật cụ thể (MA, RSI, MACD, Hỗ trợ/Kháng cự) và đưa ra khuyến nghị 'CHỜ MUA' rõ ràng, kèm theo điều kiện cụ thể.",5,"Agent đã cung cấp bảng so sánh chỉ số ROE cho FPT và 5 đối thủ, đồng thời có tin tức chi tiết về chuyển động của 3 đối thủ chính. Mặc dù thiếu dữ liệu P/E và P/B, nhưng việc có ROE và tin tức đối thủ đã đáp ứng đầy đủ tiêu chí 5 điểm."
AUTO_ANALYSIS_GAS_1,GAS,2025-11-29T15:55:48.092221,5,"Agent cung cấp 3 tin tức cụ thể, mỗi tin đều có ngày tháng (hoặc khung thời gian rõ ràng như 'tháng 11/2025', '2025', '2026') và đánh giá tác động chi tiết, rõ ràng.",5,"Agent cung cấp đầy đủ đường dẫn ảnh biểu đồ, các chỉ số kỹ thuật cụ thể (MA, RSI, Kháng cự/Hỗ trợ) và nhận định/khuyến nghị 'CHỜ MUA' rõ ràng với chiến lược chi tiết.",5,"Agent cung cấp bảng so sánh chỉ số ROE của GAS với 3 đối thủ (POW, REE, DNH) và có tin tức chi tiết về chuyển động của từng đối thủ."
AUTO_ANALYSIS_GVR_2,GVR,2025-11-29T15:57:31.299627,5,"Agent cung cấp 3 tin tức cụ thể, có ngày tháng rõ ràng và đánh giá tác động chi tiết, phân tích cả khía cạnh tích cực/tiêu cực và ngắn hạn/dài hạn.",5,"Agent cung cấp đầy đủ đường dẫn ảnh biểu đồ, các chỉ số kỹ thuật cụ thể (MA, RSI, MACD, Hỗ trợ/Kháng cự) và đưa ra khuyến nghị 'CHỜ MUA' rõ ràng kèm theo điều kiện.",5,"Agent đã cung cấp bảng so sánh chỉ số ROE cho GVR và 3 đối thủ, đồng thời có tin tức chi tiết về chuyển động của từng đối thủ. Mặc dù P/E và P/B không có sẵn, nhưng việc có ROE và tin tức đã đáp ứng đầy đủ tiêu chí 5 điểm."
AUTO_ANALYSIS_HDB_3,HDB,2025-11-29T15:59:25.470803,5,"Agent cung cấp 3 tin tức cụ thể, có ngày tháng rõ ràng và đánh giá tác động chi tiết, hợp lý đối với thị trường chứng khoán.",5,"Agent cung cấp đầy đủ đường dẫn ảnh biểu đồ, các chỉ số kỹ thuật cụ thể (RSI, giá, hỗ trợ/kháng cự), và nhận định Mua/Bán/Chờ Mua rõ ràng, có điều kiện.",5,"Agent cung cấp bảng so sánh chỉ số ROE cho nhiều đối thủ (VCB, CTG, BID, TCB, VPB) và có tin tức chi tiết về chuyển động của các đối thủ chính (VCB, CTG, BID). Mặc dù một số chỉ số như P/E, P/B không có dữ liệu, nhưng ROE là một chỉ số quan trọng và đã được so sánh đầy đủ."
AUTO_ANALYSIS_HPG_4,HPG,2025-11-29T16:05:05.336674,0,Lỗi chấm điểm: Expecting value: line 1 column 1 (char 0),5,"Agent cung cấp đầy đủ đường dẫn ảnh biểu đồ, các chỉ số kỹ thuật cụ thể (MA, RSI, MACD, Hỗ trợ/Kháng cự) và nhận định khuyến nghị rõ ràng (CHỜ MUA) kèm theo lý do và chiến lược chi tiết.",5,"Agent đã cung cấp bảng so sánh chỉ số tài chính (ROE) của HPG với 3 đối thủ (KSV, HSG, NKG) và có tin tức chi tiết về chuyển động của từng đối thủ, đáp ứng đầy đủ tiêu chí 5 điểm."
AUTO_ANALYSIS_LPB_0,LPB,2025-11-29T16:08:01.419265,5,"Agent cung cấp 3 tin tức cụ thể, có ngày tháng rõ ràng và đánh giá tác động chi tiết, phân tích sâu sắc cả ngắn hạn và dài hạn đối với thị trường và nền kinh tế.",5,"Agent cung cấp đầy đủ đường dẫn ảnh biểu đồ, các chỉ số kỹ thuật cụ thể (MA, RSI, Hỗ trợ/Kháng cự) và nhận định khuyến nghị 'CHỜ MUA' rõ ràng kèm theo giải thích chi tiết.",5,"Agent cung cấp bảng so sánh chỉ số ROE cho LPB và 5 đối thủ cạnh tranh, đồng thời có tin tức chi tiết về 3 đối thủ lớn. Mặc dù các chỉ số P/E, P/B và Biên lợi nhuận gộp bị thiếu (N/A), nhưng việc có dữ liệu ROE cụ thể và tin tức đối thủ đã đáp ứng đầy đủ các tiêu chí cho điểm 5."
AUTO_ANALYSIS_MBB_1,MBB,2025-11-29T16:13:29.482913,5,"Agent cung cấp nhiều hơn 3 tin tức cụ thể, mỗi tin đều có ngày tháng rõ ràng (29/11/2025 và 19 giờ trước) và đánh giá tác động/xu hướng thị trường một cách rõ ràng (ví dụ: 'doanh nghiệp lo lắng', 'tăng vọt', 'ổn định, giảm nhẹ', 'tăng giảm trái chiều', 'đồng loạt tăng', 'phục hồi, bật tăng mạnh'). Mặc dù có sự lặp lại đáng kể của các tin tức, nhưng các tin tức độc đáo ban đầu đã đáp ứng đầy đủ tiêu chí 5 điểm.",5,"Agent cung cấp đầy đủ đường dẫn ảnh biểu đồ, các chỉ số kỹ thuật cụ thể (RSI, MA, MACD, Hỗ trợ/Kháng cự) và nhận định/khuyến nghị 'CHỜ MUA' rõ ràng kèm chiến lược chi tiết.",5,"Agent đã cung cấp bảng so sánh chỉ số ROE của MBB với 3 đối thủ (VCB, CTG, BID) và có tin tức cụ thể về từng đối thủ, đáp ứng đầy đủ tiêu chí 5 điểm."
AUTO_ANALYSIS_MSN_2,MSN,2025-11-29T16:15:07.596086,5,"Agent cung cấp 3 tin tức cụ thể, mỗi tin đều có ngày tháng rõ ràng (29/11/2025) và đánh giá tác động chi tiết, có phân tích 'tại sao' rất thuyết phục. Đáp ứng hoàn hảo tiêu chí 5 điểm.",5,"Agent cung cấp đầy đủ đường dẫn ảnh biểu đồ, các chỉ số kỹ thuật cụ thể (MA, RSI, MACD, Hỗ trợ/Kháng cự) và nhận định khuyến nghị rõ ràng là 'CHỜ MUA'.",5,"Agent cung cấp bảng so sánh chỉ số ROE cho MSN và 3 đối thủ (MCH, VNM, SAB), đồng thời có tin tức chi tiết về chuyển động của từng đối thủ, đáp ứng đầy đủ tiêu chí 5 điểm."
AUTO_ANALYSIS_MWG_3,MWG,2025-11-29T16:20:42.465866,1,"Đầu ra là một đoạn mã HTML/nội dung trang web thô, chứa thông báo đăng nhập, chính sách quyền riêng tư, danh mục dịch vụ và lịch khai giảng khóa học, chứ không phải các tin tức thị trường cụ thể, có ngày tháng và đánh giá tác động rõ ràng.",5,"Agent cung cấp đầy đủ đường dẫn ảnh biểu đồ, các chỉ số kỹ thuật cụ thể (MA, RSI, MACD, Hỗ trợ/Kháng cự) và nhận định/khuyến nghị 'CHỜ MUA' rõ ràng, đáp ứng tất cả tiêu chí của mức 5 điểm.",5,"Agent đã cung cấp bảng so sánh chỉ số ROE cho MWG và 3 đối thủ (FRT, DGW, PET), đồng thời đưa ra các tin tức cập nhật về chuyển động của từng đối thủ. Mặc dù một số chỉ số như P/E, P/B không có sẵn, nhưng ROE đã được so sánh và lý do thiếu dữ liệu cũng được giải thích."
AUTO_ANALYSIS_PLX_4,PLX,2025-11-29T16:22:21.876219,3,"Agent cung cấp 3 tin tức cụ thể và đánh giá tác động rõ ràng, chi tiết. Tuy nhiên, 2 trong số 3 tin tức (Tin tức 2 và 3) thiếu thông tin ngày tháng cụ thể, điều này rất quan trọng đối với tin tức thị trường. Tin tức 1 có ngày tháng (tháng 11) nhưng không đủ để đạt 5 điểm khi các tin còn lại thiếu.",5,"Agent cung cấp đầy đủ đường dẫn ảnh biểu đồ, các chỉ số kỹ thuật cụ thể (MA, RSI, Hỗ trợ/Kháng cự), và nhận định khuyến nghị 'CHỜ MUA' rõ ràng kèm theo điều kiện.",5,"Agent cung cấp bảng so sánh chỉ số ROE cho 3 đối thủ (BSR, PVS, OIL) và PLX. Mặc dù P/E và P/B không có sẵn (N/A), Agent đã nêu rõ điều này. Đồng thời, Agent cung cấp tin tức chi tiết về chuyển động của từng đối thủ, đáp ứng đầy đủ các tiêu chí của mức 5 điểm."
AUTO_ANALYSIS_SAB_0,SAB,2025-11-29T20:24:54.721125,5,"Agent cung cấp 3 tin tức cụ thể, có ngày tháng rõ ràng (tháng 9/2026, tháng 12/2025) và đánh giá tác động chi tiết, sâu sắc cho từng tin tức. Chất lượng thông tin và phân tích rất tốt.",5,"Agent cung cấp đầy đủ đường dẫn ảnh biểu đồ, các chỉ số kỹ thuật cụ thể (MA, RSI, hỗ trợ/kháng cự) và nhận định 'CHỜ MUA' rõ ràng với lý do chi tiết.",5,"Agent đã cung cấp bảng so sánh chỉ số ROE cho SAB và ít nhất 2 đối thủ (MCH, VNM, MSN), đồng thời có các tin tức cập nhật về chuyển động của các đối thủ này."
AUTO_ANALYSIS_SHB_1,SHB,2025-11-29T20:30:38.019228,1,"Output chứa rất nhiều nội dung không liên quan và lặp lại (thông tin bản quyền, form bình luận), làm cho thông tin tin tức bị chìm lấp và khó sử dụng. Mặc dù có một vài dòng tin tức liên quan đến kinh tế (CPI, giải pháp NHNN, lạm phát 2025), nhưng cách trình bày này được coi là lỗi nghiêm trọng trong việc trích xuất và cung cấp thông tin của Agent.",5,"Agent cung cấp đầy đủ đường dẫn ảnh biểu đồ, các chỉ số kỹ thuật cụ thể (RSI, MA, Hỗ trợ/Kháng cự) và nhận định khuyến nghị 'CHỜ MUA' rõ ràng, kèm theo lý do và điểm mua/bán tiềm năng.",5,"Agent cung cấp bảng so sánh chỉ số ROE của SHB với 3 đối thủ (VCB, CTG, BID) và có tin tức chi tiết về chuyển động của từng đối thủ."
AUTO_ANALYSIS_SSB_2,SSB,2025-11-29T20:32:38.813327,5,"Agent cung cấp 3 tin tức cụ thể, có ngày tháng rõ ràng (tháng 11/2025, năm 2025), và mỗi tin tức đều có đánh giá tác động chi tiết, phân tích rõ ràng các khía cạnh tích cực/tiêu cực.",5,"Agent có đường dẫn ảnh biểu đồ, các chỉ số kỹ thuật cụ thể (MA, RSI, Hỗ trợ/Kháng cự) và nhận định 'CHỜ MUA' rõ ràng.",5,"Agent cung cấp bảng so sánh chỉ số ROE với 3 đối thủ (VCB, CTG, BID) và có tin tức chi tiết về chuyển động của từng đối thủ, đáp ứng đầy đủ tiêu chí 5 điểm."
AUTO_ANALYSIS_SSI_3,SSI,2025-11-29T20:34:32.789808,5,"Agent cung cấp 3 tin tức cụ thể, có ngày tháng rõ ràng (tháng 11/2025, 29/11/2025), và mỗi tin tức đều có đánh giá tác động chi tiết, phân tích cả khía cạnh tích cực và tiêu cực.",5,"Agent cung cấp đầy đủ đường dẫn ảnh biểu đồ, các chỉ số kỹ thuật cụ thể (MA, RSI, Hỗ trợ/Kháng cự) và đưa ra nhận định 'CHỜ MUA' rõ ràng kèm theo điều kiện cụ thể.",5,"Agent cung cấp bảng so sánh chỉ số ROE với 3 đối thủ (VIX, TCX, VND) và có tin tức chi tiết về chuyển động của từng đối thủ."
AUTO_ANALYSIS_STB_4,STB,2025-11-29T20:36:31.165083,5,"Agent cung cấp 3 tin tức cụ thể, có ngày tháng rõ ràng và đánh giá tác động chi tiết, đáp ứng đầy đủ tiêu chí 5 điểm.",5,"Agent cung cấp đầy đủ đường dẫn ảnh biểu đồ, các chỉ số kỹ thuật cụ thể (MA, RSI, giá, hỗ trợ/kháng cự) và đưa ra khuyến nghị Mua/Bán/Chờ Mua rất rõ ràng, có điều kiện cụ thể.",5,"Agent có bảng so sánh chỉ số ROE của STB với 5 đối thủ khác và cung cấp tin tức chi tiết về chuyển động của 3 đối thủ chính (CTG, BID, VCB). Mặc dù thiếu P/E và P/B, nhưng việc có ROE và tin tức đối thủ đã đáp ứng đầy đủ tiêu chí 5 điểm."
AUTO_ANALYSIS_TCB_0,TCB,2025-12-01T16:11:05.247188,5,"Agent cung cấp 3 tin tức cụ thể, có ngày tháng rõ ràng và đánh giá tác động chi tiết, đáp ứng đầy đủ tiêu chí 5 điểm.",5,"Agent cung cấp đầy đủ đường dẫn ảnh biểu đồ, các chỉ số kỹ thuật cụ thể (MA, RSI, Hỗ trợ/Kháng cự) và nhận định 'CHỜ MUA' rõ ràng kèm theo giải thích chi tiết.",5,"Agent cung cấp bảng so sánh chỉ số ROE cho TCB và 3 đối thủ (VCB, CTG, BID), đồng thời có tin tức chi tiết về chuyển động của từng đối thủ, đáp ứng đầy đủ tiêu chí 5 điểm."
AUTO_ANALYSIS_TPB_1,TPB,2025-12-01T16:13:44.940336,5,"Agent cung cấp 3 tin tức cụ thể, có ngày tháng rõ ràng (15/11/2025, năm 2026) và mỗi tin tức đều có đánh giá tác động chi tiết, rõ ràng.",5,"Agent cung cấp đầy đủ đường dẫn ảnh biểu đồ, các chỉ số kỹ thuật cụ thể (MA, RSI, Hỗ trợ/Kháng cự) và nhận định khuyến nghị 'CHỜ MUA' rõ ràng, kèm theo chiến lược chi tiết.",5,"Agent cung cấp bảng so sánh chỉ số ROE của TPB với 3 đối thủ (VCB, CTG, BID) và có các tin tức chi tiết về chuyển động của từng đối thủ."
AUTO_ANALYSIS_VCB_2,VCB,2025-12-01T16:16:13.949541,5,"Agent đã cung cấp 3 tin tức cụ thể, trong đó 2 tin tức đầu tiên có ngày tháng rõ ràng và đánh giá tác động chi tiết. Tin tức thứ ba là tổng hợp các yếu tố vĩ mô tích cực, tuy không có ngày tháng cụ thể nhưng nội dung rất cụ thể về các lĩnh vực cải thiện và đánh giá tác động rõ ràng, sâu sắc. Tổng thể đáp ứng đầy đủ tiêu chí 5 điểm.",5,"Agent cung cấp đầy đủ đường dẫn ảnh biểu đồ, các chỉ số kỹ thuật cụ thể (RSI, MA, giá, hỗ trợ/kháng cự) và nhận định khuyến nghị rõ ràng (CHỜ MUA).",5,"Agent cung cấp bảng so sánh chỉ số ROE của VCB với 3 đối thủ (CTG, BID, MBB) và có tin tức chi tiết về chuyển động của từng đối thủ."
AUTO_ANALYSIS_VHM_3,VHM,2025-12-01T16:18:43.014377,3,"Agent cung cấp 3 tin tức cụ thể với đánh giá tác động rõ ràng. Tuy nhiên, 2 tin tức thiếu ngày tháng cụ thể, và 1 tin tức có ngày tháng trong tương lai (tháng 11/2025), không phù hợp với vai trò của một Market News Agent báo cáo tin tức thị trường hiện tại.",5,"Agent cung cấp đầy đủ đường dẫn ảnh biểu đồ, các chỉ số kỹ thuật cụ thể (MA, RSI) và nhận định Mua/Bán/Chờ Mua rõ ràng, chi tiết.",5,"Agent đã cung cấp bảng so sánh chỉ số ROE cho VHM và 3 đối thủ (VIC, VRE, KDH), đồng thời đưa ra nhiều tin tức cập nhật về các đối thủ này. Mặc dù một số chỉ số khác như P/E, P/B không có sẵn, nhưng việc có ROE và tin tức đối thủ đã đáp ứng đầy đủ tiêu chí 5 điểm."
AUTO_ANALYSIS_VIB_4,VIB,2025-12-01T16:21:12.654586,3,"Agent cung cấp 3 tin tức cụ thể và có đánh giá tác động rõ ràng. Tuy nhiên, Tin tức 3 về Quốc hội thiếu ngày tháng cụ thể (chỉ nêu 'tuần làm việc thứ 7' mà không có tháng/năm), khiến thông tin kém tính thời sự và khó áp dụng cho phân tích thị trường.",5,"Agent cung cấp đầy đủ đường dẫn ảnh biểu đồ, các chỉ số kỹ thuật cụ thể (MA, RSI, Kháng cự, Hỗ trợ) và nhận định 'CHỜ MUA' rõ ràng với các điều kiện cụ thể.",5,"Agent cung cấp bảng so sánh chỉ số ROE cho VIB và 3 đối thủ (VCB, CTG, BID), đồng thời có tin tức chi tiết về từng đối thủ. Mặc dù thiếu dữ liệu P/E và P/B, nhưng việc có ROE và tin tức đối thủ đã đáp ứng đầy đủ tiêu chí 5 điểm."
AUTO_ANALYSIS_VIC_5,VIC,2025-12-01T16:23:27.085741,1,"Agent cung cấp tin tức với ngày tháng trong tương lai (2025) trong khi yêu cầu rõ ràng là tin tức 'trong 24h qua (hoặc 2 ngày gần nhất)'. Đây là lỗi nghiêm trọng về thời gian, khiến thông tin không đáp ứng yêu cầu cốt lõi của một 'Market News Agent' và không liên quan đến khung thời gian được chỉ định.",5,"Agent cung cấp đầy đủ đường dẫn ảnh biểu đồ, các chỉ số kỹ thuật cụ thể (RSI, MA, Hỗ trợ/Kháng cự) và nhận định khuyến nghị rõ ràng (CHỜ MUA).",5,"Agent cung cấp bảng so sánh chỉ số ROE của VIC với 4 đối thủ (VHM, VRE, BCM, KDH) và có tin tức chi tiết về chuyển động của 3 đối thủ chính (VHM, VRE, BCM), đáp ứng đầy đủ tiêu chí 5 điểm."
AUTO_ANALYSIS_VJC_6,VJC,2025-12-01T16:26:00.488646,5,"Agent cung cấp 3 tin tức cụ thể, có ngày tháng rõ ràng (tháng 12/2025, năm 2025) và đánh giá tác động chi tiết, rõ ràng cho từng tin tức.",5,"Agent cung cấp đầy đủ đường dẫn ảnh biểu đồ, các chỉ số kỹ thuật cụ thể (MA, RSI, Hỗ trợ/Kháng cự) và nhận định khuyến nghị rõ ràng là 'CHỜ MUA'.",5,"Agent cung cấp bảng so sánh chỉ số ROE của VJC với 5 đối thủ, đồng thời có tin tức chi tiết về 3 đối thủ chính (HVN, SCS, TSJ), đáp ứng đầy đủ tiêu chí 5 điểm."
AUTO_ANALYSIS_VNM_7,VNM,2025-12-01T16:30:41.223447,1,"Agent tuyên bố cung cấp tin tức trong 24h qua (hoặc 2 ngày gần nhất), nhưng tất cả các tin tức đều có hiệu lực vào tháng 12/2025. Điều này khiến tin tức không liên quan đến khung thời gian yêu cầu.",5,"Agent cung cấp đầy đủ đường dẫn ảnh biểu đồ, các chỉ số kỹ thuật cụ thể (MA, RSI, Hỗ trợ/Kháng cự) và nhận định Mua/Bán rõ ràng, đáp ứng tất cả tiêu chí 5 điểm.",5,"Agent đã cung cấp bảng so sánh chỉ số ROE cho VNM và 3 đối thủ (MCH, SAB, MSN), đồng thời có tin tức chi tiết về chuyển động của từng đối thủ. Điều này hoàn toàn khớp với tiêu chí 5 điểm."
AUTO_ANALYSIS_VPB_8,VPB,2025-12-01T16:33:05.467635,5,"Agent cung cấp 3 tin tức cụ thể, có ngày tháng rõ ràng và đánh giá tác động chi tiết, đáp ứng đầy đủ tiêu chí 5 điểm.",5,"Agent cung cấp đầy đủ đường dẫn ảnh biểu đồ, các chỉ số kỹ thuật cụ thể (MA, RSI, MACD, Hỗ trợ/Kháng cự) và đưa ra nhận định Mua/Bán rõ ràng, đáp ứng tất cả tiêu chí 5 điểm.",5,"Agent cung cấp bảng so sánh chỉ số ROE của VPB với 5 đối thủ, đồng thời có tin tức chi tiết về chuyển động của 3 đối thủ chính (VCB, CTG, BID). Điều này hoàn toàn đáp ứng tiêu chí 5 điểm."
AUTO_ANALYSIS_VRE_9,VRE,2025-12-01T16:35:53.666038,5,"Agent cung cấp đủ 3 tin tức cụ thể, có ngày tháng rõ ràng (Nghị định, Thông tư có hiệu lực 01/12/2025; giải ngân đầu tư công cuối năm 2025), và mỗi tin tức đều có đánh giá tác động chi tiết, rõ ràng đến thị trường chứng khoán Việt Nam.",5,"Agent cung cấp đầy đủ đường dẫn ảnh biểu đồ, các chỉ số kỹ thuật cụ thể (RSI, MA, Hỗ trợ/Kháng cự) và nhận định Mua/Bán rõ ràng, đáp ứng tất cả tiêu chí cho điểm tối đa.",5,"Agent đã cung cấp bảng so sánh chỉ số ROE cho VRE và 3 đối thủ (VHM, BCM, KDH), đáp ứng yêu cầu 'ít nhất 2 đối thủ'. Đồng thời, Agent cũng cung cấp tin tức chi tiết về chuyển động của từng đối thủ, hoàn thành tất cả các tiêu chí của mức 5 điểm."
